sharpe_ratio_abs,sharpe_ratio_on_returns,max_drawdown_abs,max_drawdown_on_equity,total_pnl,total_days,avg_daily_pnl,volatility,win_rate,max_single_gain,max_single_loss,total_trades,total_pairs_traded,total_costs,avg_trades_per_pair,win_rate_trades,best_pair_pnl,worst_pair_pnl,avg_pnl_per_pair
2.1691592175990086,2.1644211122261376,-44.29093780159019,-0.004398323333511243,98.34580742852995,151.0,0.6512967379372845,4.890179448986912,0.5231788079470199,30.50998211815022,-13.958626622334123,2252,64.0,108.65117667755112,14.343949044585987,0.0025349620987336384,15.868508338928223,-13.096477508544922,0.607136249749856
