pair,period,total_pnl,total_costs,trade_count,avg_pnl_per_trade,win_days,lose_days,total_days,max_daily_gain,max_daily_loss
LUNCUSDT-QTUMUSDT,03/01-05/30,0.1854889,0.0,2,0.09274445,1,3,2881,0.358669,-0.086297445
AVAUSDT-ENJUSDT,03/01-05/30,1.3116908,0.0,10,0.13116908,5,15,2881,0.86652195,-0.21900505
JASMYUSDT-ZILUSDT,03/31-06/29,2.0965364,0.0,11,0.19059421,6,16,2881,1.4219904,-2.0697286
BOBAUSDT-DYDXUSDT,04/30-07/29,-0.03085053,0.0,10,-0.003085053,5,15,2881,0.42627794,-0.35447177
JASMYUSDT-ZILUSDT,04/30-07/29,-1.4507504,0.0,17,-0.08533826,9,25,2881,0.7832192,-2.1132898
ZILUSDT-ZRXUSDT,05/30-08/28,-2.8980799,0.0,16,-0.18112999,8,24,2881,0.31344575,-1.4825116
HBARUSDT-SNXUSDT,06/29-09/27,11.998438,0.0,9,1.3331598,5,13,2881,6.3880143,-1.3721942
