sharpe_ratio_abs,sharpe_ratio_on_returns,max_drawdown_abs,max_drawdown_on_equity,total_pnl,total_days,avg_daily_pnl,volatility,win_rate,max_single_gain,max_single_loss,total_trades,total_pairs_traded,total_costs,avg_trades_per_pair,win_rate_trades,best_pair_pnl,worst_pair_pnl,avg_pnl_per_pair
7.3257279403532545,7.295940489256504,-155.45677065104246,-0.015047397143852274,884.3363071616259,151.0,5.8565318355074565,16.576596358329493,0.6821192052980133,53.097060347441584,-100.66220842674375,3977,47.0,352.7435010075569,49.098765432098766,0.009551724581228226,70.55125,-72.88776,10.927399
