sharpe_ratio_abs,sharpe_ratio_on_returns,max_drawdown_abs,max_drawdown_on_equity,total_pnl,total_days,avg_daily_pnl,volatility,win_rate,max_single_gain,max_single_loss,total_trades,total_pairs_traded,total_costs,avg_trades_per_pair,win_rate_trades,best_pair_pnl,worst_pair_pnl,avg_pnl_per_pair
2.893100564621637,2.88332159025075,-75.32312135165557,-0.007451480040227007,289.30122827374726,151.0,1.9159021739983262,10.444336674489367,0.5827814569536424,43.9227767335251,-40.50152168609202,6572,168.0,309.95374521706253,15.177829099307159,0.0027362643422747164,34.317283630371094,-28.921035766601562,0.6697697250826358
