sharpe_ratio_abs,sharpe_ratio_on_returns,max_drawdown_abs,max_drawdown_on_equity,total_pnl,total_days,avg_daily_pnl,volatility,win_rate,max_single_gain,max_single_loss,total_trades,total_pairs_traded,total_costs,avg_trades_per_pair,win_rate_trades,best_pair_pnl,worst_pair_pnl,avg_pnl_per_pair
0.2749696578411026,0.27352248391522266,-82.22721539455233,-0.008085034626921239,169.82273244907265,91.0,1.8661838730667324,11.906316448413955,0.5384615384615384,51.21040764101781,-33.97205875767395,3694,153.0,0.0,22.944099378881987,0.004275171880019231,31.243996,-12.68115,0.94286776
