pair,period,total_pnl,total_costs,trade_count,avg_pnl_per_trade,win_days,lose_days,total_days,max_daily_gain,max_daily_loss
CELOUSDT-ZRXUSDT,08/02-10/31,3.2555218,0.05444662272930145,2,1.6277609,2,2,2881,2.7316954,-0.015819648
FLOWUSDT-MASKUSDT,08/02-10/31,-0.92893267,1.5455496311187744,36,-0.025803685,18,54,2881,2.6273243,-2.6822035
ONEUSDT-XRPUSDC,08/02-10/31,4.8645926,0.9729560613632202,20,0.24322963,12,28,2881,3.1903627,-2.11408
ONEUSDT-XRPUSDT,08/02-10/31,9.487548,1.1472675800323486,21,0.451788,13,29,2881,3.378655,-2.002784
