config,holdout_costs,stress_costs,holdout_dd,stress_dd,holdout_pairs,stress_pairs,holdout_pnl,stress_pnl,holdout_sharpe,stress_sharpe,holdout_trades,stress_trades
turnoverlow/maxnot30/risk0p015/maxpairs12,42.90658235549927,75.55008471012115,-70.69324174709618,-74.70106378023047,24.0,24.0,1136.1474833605462,1086.595942943046,4.251643515375115,4.129466095270875,1348.0,1348.0
turnoverlow/maxnot30/risk0p0175/maxpairs12,51.069860339164734,89.78460383415222,-82.47544427029788,-87.15123629476875,24.0,24.0,1370.9897023073863,1308.82509197744,4.203344073456098,4.084298176614923,1348.0,1348.0
base/maxnot30/risk0p0175/maxpairs12,59.90338099002838,104.98441588878632,-123.95900722360238,-123.73678944009588,24.0,24.0,482.1174302836735,425.5176102237401,3.128133580968654,2.8401399432068377,1722.0,1722.0
