config,split,entry_count,cap_hits,below_min,notional_avg,notional_p50,notional_min,notional_max
base/maxnot30/risk0p0175/maxpairs12,stress,1722.0,0.0,0.0,18.390875055399505,18.402721405029297,17.499998092651367,19.31434440612793
turnoverlow/maxnot30/risk0p0175/maxpairs12,holdout,1348.0,0.0,0.0,20.18447347776826,18.93879127502441,17.499998092651367,24.64497756958008
base/maxnot30/risk0p0175/maxpairs12,holdout,1722.0,0.0,0.0,18.65879537114975,18.664588928222656,17.499998092651367,19.8704776763916
turnoverlow/maxnot30/risk0p015/maxpairs12,stress,1348.0,0.0,455.0,16.79653853973932,15.907174110412598,14.999999046325684,19.847585678100582
turnoverlow/maxnot30/risk0p015/maxpairs12,holdout,1348.0,0.0,455.0,16.958460775256512,16.057071685791016,14.999999046325684,20.203872680664062
turnoverlow/maxnot30/risk0p0175/maxpairs12,stress,1348.0,0.0,0.0,19.960755401973557,18.734766006469727,17.499998092651367,24.149080276489254
