config,split,entry_count,cap_hits,below_min,notional_avg,notional_p50,notional_min,notional_max
turnoverlow/maxnot30/risk0p015/minnot15/maxpairs12,stress,1542.0,0.0,516.0,19.21947488648728,19.952804565429688,14.999999046325684,22.719512939453125
turnoverlow/maxnot30/risk0p015/minnot15/maxpairs12,holdout,1542.0,0.0,516.0,19.41502554902152,20.122262954711918,14.999999046325684,23.136882781982425
turnoverlow/maxnot30/risk0p015/minnot10/maxpairs12,stress,1542.0,0.0,0.0,19.21947488648728,19.952804565429688,14.999999046325684,22.719512939453125
turnoverlow/maxnot30/risk0p015/minnot10/maxpairs12,holdout,1542.0,0.0,0.0,19.41502554902152,20.122262954711918,14.999999046325684,23.136882781982425
turnoverlow/maxnot30/risk0p015/minnot12/maxpairs12,stress,1542.0,0.0,0.0,19.21947488648728,19.952804565429688,14.999999046325684,22.719512939453125
turnoverlow/maxnot30/risk0p015/minnot12/maxpairs12,holdout,1542.0,0.0,0.0,19.41502554902152,20.122262954711918,14.999999046325684,23.136882781982425
