sharpe_ratio_abs,sharpe_ratio_on_returns,max_drawdown_abs,max_drawdown_on_equity,total_pnl,total_days,avg_daily_pnl,volatility,win_rate,max_single_gain,max_single_loss,total_trades,total_pairs_traded,total_costs,avg_trades_per_pair,win_rate_trades,best_pair_pnl,worst_pair_pnl,avg_pnl_per_pair
0.5255078116451161,0.5161771085244418,-199.3069349406287,-0.017615726205752705,1388.7128864263323,151.0,9.196774082293592,33.289047323021386,0.6490066225165563,167.84394728718325,-79.96941100002732,17096,775.0,0.0,20.899755501222494,0.0038236757557156367,100.18468475341797,-72.31053161621094,1.655487677922659
