sharpe_ratio_abs,sharpe_ratio_on_returns,max_drawdown_abs,max_drawdown_on_equity,total_pnl,total_days,avg_daily_pnl,volatility,win_rate,max_single_gain,max_single_loss,total_trades,total_pairs_traded,total_costs,avg_trades_per_pair,win_rate_trades,best_pair_pnl,worst_pair_pnl,avg_pnl_per_pair
0.5237783965164442,0.5231012126567546,-110.02081231649208,-0.01057797761202736,941.0199711774621,151.0,6.23192033892359,23.414354452439433,0.6225165562913907,158.73080796736758,-40.76128229126334,6573,293.0,0.0,21.983277591973245,0.003913102620148785,100.18468475341797,-71.61087036132812,3.1373633998679775
