sharpe_ratio_abs,sharpe_ratio_on_returns,max_drawdown_abs,max_drawdown_on_equity,total_pnl,total_days,avg_daily_pnl,volatility,win_rate,max_single_gain,max_single_loss,total_trades,total_pairs_traded,total_costs,avg_trades_per_pair,win_rate_trades,best_pair_pnl,worst_pair_pnl,avg_pnl_per_pair
4.5745979770308995,4.552489028001216,-91.36013761442155,-0.008898518196668911,542.8134314454655,151.0,3.5947909367249373,15.302736586738307,0.5894039735099338,110.91654827748425,-47.610880084335804,4649,258.0,319.75533981435,17.744274809160306,0.003091875150188236,74.76689910888672,-17.473310470581055,2.0634393812377603
