pair,period,total_pnl,total_costs,trade_count,avg_pnl_per_trade,win_days,lose_days,total_days,max_daily_gain,max_daily_loss
ETHUSDC-ETHUSDT,08/02-10/31,-0.9099646,0.0,9,-0.10110718,3,15,2881,0.026177198,-0.22663702
MASKUSDT-XRPUSDC,08/02-10/31,3.385458,0.0,30,0.1128486,18,42,2881,3.1260111,-2.2020018
MASKUSDT-XRPUSDT,08/02-10/31,3.8808718,0.0,31,0.12518941,19,43,2881,2.7999036,-2.1068268
MVUSDT-XLMUSDT,09/01-11/30,15.545351,0.0,20,0.7772676,9,31,2881,12.5367775,-1.507788
DAIUSDT-USDCUSDT,09/01-11/30,100.184685,0.0,12,8.348723,5,19,2881,76.25321,-9.30072
FILUSDT-WAVESUSDT,10/01-12/30,3.5974503,0.0,40,0.08993626,23,57,2881,4.494198,-3.4363487
FILUSDT-SANDUSDT,10/01-12/30,7.1570287,0.0,30,0.23856762,17,43,2881,3.3767247,-1.4988776
SANDUSDT-WAVESUSDT,10/01-12/30,9.139411,0.0,26,0.3515158,15,37,2881,5.3070884,-3.284418
MVUSDT-TONUSDT,10/01-12/30,3.7383044,0.0,5,0.7476609,2,8,2881,7.6226616,-4.0643153
