sharpe_ratio_abs,sharpe_ratio_on_returns,max_drawdown_abs,max_drawdown_on_equity,total_pnl,total_days,avg_daily_pnl,volatility,win_rate,max_single_gain,max_single_loss,total_trades,total_pairs_traded,total_costs,avg_trades_per_pair,win_rate_trades,best_pair_pnl,worst_pair_pnl,avg_pnl_per_pair
0.002794782564849803,-0.0014014750721740568,-697.5498145963575,-0.06918440074516108,-2.6864116528158775,91.0,-0.02952100717380085,47.888941106848954,0.5934065934065934,134.60817574942484,-233.9124646190321,8410,121.0,0.0,60.50359712230216,0.20296603508036443,34.493744,-59.313053,-0.01932619
