sharpe_ratio_abs,sharpe_ratio_on_returns,max_drawdown_abs,max_drawdown_on_equity,total_pnl,total_days,avg_daily_pnl,volatility,win_rate,max_single_gain,max_single_loss,total_trades,total_pairs_traded,total_costs,avg_trades_per_pair,win_rate_trades,best_pair_pnl,worst_pair_pnl,avg_pnl_per_pair
2.484269788223342,2.4756622475938626,-1348.3774335496128,-0.0568850390362644,32420.534196572495,91.0,356.2696065557418,255.95307788421067,0.9340659340659341,1307.549390411179,-132.18084712792188,125013,982.0,0.0,119.40114613180516,0.13645804428911615,394.25665,-188.96024,30.965166
