pair,period,total_pnl,total_costs,trade_count,avg_pnl_per_trade,win_days,lose_days,total_days,max_daily_gain,max_daily_loss
BTCUSDC-BTCUSDT,02/26-05/27,0.0,0,0,0.0,0,0,8641,0.0,0.0
ETHUSDT-STETHUSDT,02/26-05/27,-0.05245727178905446,0,2,-0.02622863589452723,4317,4265,8641,4.080469039388921,-4.068031085184068
ETHUSDC-STETHUSDT,02/26-05/27,0.9905428438670003,0,2,0.49527142193350016,4223,4187,8641,3.9910805183234603,-3.9967243170634483
ETHUSDC-ETHUSDT,02/26-05/27,1.4727160936412815,0,42,0.03506466889622099,3689,3689,8641,1.3987665053176481,-1.3888065139387618
SOLUSDC-SOLUSDT,02/26-05/27,-2.6987134935914603,0,248,-0.010881909248352662,3870,3829,8641,1.633322864170201,-1.411632912471498
DAIUSDT-TRVLUSDT,02/26-05/27,-2.6436405849042792,0,8077,-0.0003273047647522941,4023,4054,8641,2.593274895960658,-3.7018111950605155
DAIUSDT-USDCUSDT,02/26-05/27,-2.2090220774467344,0,7158,-0.00030860884010152755,3543,3615,8641,1.2136036740455785,-1.426620513424507
