sharpe_ratio_abs,sharpe_ratio_on_returns,max_drawdown_abs,max_drawdown_on_equity,total_pnl,total_days,avg_daily_pnl,volatility,win_rate,max_single_gain,max_single_loss,total_trades,total_pairs_traded,total_costs,avg_trades_per_pair,win_rate_trades,best_pair_pnl,worst_pair_pnl,avg_pnl_per_pair
0.57445223007324,0.5753746134068517,-95.32495349925011,-0.00922580937890033,1007.1768643464166,151.0,6.670045459247792,23.003035652294955,0.6291390728476821,160.17608258873224,-44.88136042840779,5137,293.0,0.0,17.180602006688964,0.0030723191084176854,93.70780181884766,-16.83783721923828,3.3557917614931547
