config,holdout_costs,stress_costs,holdout_dd,stress_dd,holdout_pairs,stress_pairs,holdout_pnl,stress_pnl,holdout_sharpe,stress_sharpe,holdout_trades,stress_trades
turnoverlow/maxnot30/risk0p015/minnot10/maxpairs12,42.90658235549927,75.55008471012115,-70.69324174709618,-74.70106378023047,24.0,24.0,1136.1474833605462,1086.595942943046,4.251643515375115,4.129466095270875,1348.0,1348.0
turnoverlow/maxnot30/risk0p015/minnot12/maxpairs12,42.90658235549927,75.55008471012115,-70.69324174709618,-74.70106378023047,24.0,24.0,1136.1474833605462,1086.595942943046,4.251643515375115,4.129466095270875,1348.0,1348.0
turnoverlow/maxnot30/risk0p015/minnot15/maxpairs12,42.90658235549927,75.55008471012115,-70.69324174709618,-74.70106378023047,24.0,24.0,1136.1474833605462,1086.595942943046,4.251643515375115,4.129466095270875,1348.0,1348.0
